[
    {
        "NAME": "Carbon",
        "RECIPES": "$DEFAULT"
    },
    {
        "NAME": "Fluorine",
        "RECIPES": "$DEFAULT"
    },
    {
        "NAME": "Hydrogen",
        "RECIPES": "$DEFAULT"
    },
    {
        "NAME": "Nitrogen",
        "RECIPES": "$DEFAULT"
    },
    {
        "NAME": "Oxygen",
        "RECIPES": "$DEFAULT"
    },
    {
        "NAME": "Chlorine",
        "RECIPES": "$DEFAULT"
    },
    {
        "NAME": "Sulfur",
        "RECIPES": "$DEFAULT"
    },
    {
        "NAME": "Hydrogen Gas",
        "RECIPES": "hydrogen, hydrogen"
    },
    {
        "NAME": "Oxygen Gas",
        "RECIPES": "oxygen, oxygen"
    },
    {
        "NAME": "Fluorine Gas",
        "RECIPES": "fluorine, fluorine"
    },
    {
        "NAME": "Chlorine Gas",
        "RECIPES": "chlorine, chlorine"
    },
    {
        "NAME": "Water",
        "RECIPES": "hydrogen gas, oxygen gas"
    },
    {
        "NAME": "Carbon Monoxide",
        "RECIPES": "carbon, oxygen"
    },
    {
        "NAME": "Carbon Dioxide",
        "RECIPES": "carbon monoxide, oxygen gas"
    },
    {
        "NAME": "Methane",
        "RECIPES": "carbon, hydrogen gas"
    },
    {
        "NAME": "Ethane",
        "RECIPES": "methane, hydrogen gas"
    },
    {
        "NAME": "Propane",
        "RECIPES": "ethane, hydrogen gas"
    },
    {
        "NAME": "Butane",
        "RECIPES": "propane, hydrogen gas"
    },
    {
        "NAME": "Pentane",
        "RECIPES": "butane, hydrogen gas"
    },
    {
        "NAME": "Hexane",
        "RECIPES": "pentane, hydrogen gas"
    },
    {
        "NAME": "Acetic Acid",
        "RECIPES": "ethanol, oxygen gas"
    },
    {
        "NAME": "Formic Acid",
        "RECIPES": "methanol, oxygen gas"
    },
    {
        "NAME": "Ethylene",
        "RECIPES": "ethane, hydrogen gas"
    },
    {
        "NAME": "Hydroxide",
        "RECIPES": "water, oxygen gas"
    },
    {
        "NAME": "Methyl Thiol",
        "RECIPES": "methane, sulfur"
    },
    {
        "NAME": "Ethyl Thiol",
        "RECIPES": "ethane, sulfur"
    },
    {
        "NAME": "Propyl Thiol",
        "RECIPES": "propane, sulfur"
    },
    {
        "NAME": "Butyl Thiol",
        "RECIPES": "butane, sulfur"
    },
    {
        "NAME": "Pentyl Thiol",
        "RECIPES": "pentane, sulfur"
    },
    {
        "NAME": "Hexyl Thiol",
        "RECIPES": "hexane, sulfur"
    },
    {
        "NAME": "Methyl Ether",
        "RECIPES": "methanol, hydroxide"
    },
    {
        "NAME": "Ethyl Ether",
        "RECIPES": "ethanol, hydroxide"
    },
    {
        "NAME": "Propyl Ether",
        "RECIPES": "propanol, hydroxide"
    },
    {
        "NAME": "Butyl Ether",
        "RECIPES": "butanol, hydroxide"
    },
    {
        "NAME": "Pentyl Ether",
        "RECIPES": "pentanol, hydroxide"
    },
    {
        "NAME": "Hexyl Ether",
        "RECIPES": "hexanol, hydroxide"
    },
    {
        "NAME": "Methylbenzene",
        "RECIPES": "benzene, methane"
    },
    {
        "NAME": "Ethylbenzene",
        "RECIPES": "benzene, ethane"
    },
    {
        "NAME": "Propylbenzene",
        "RECIPES": "benzene, propane"
    },
    {
        "NAME": "Butylbenzene",
        "RECIPES": "benzene, butane"
    },
    {
        "NAME": "Pentylbenzene",
        "RECIPES": "benzene, pentane"
    },
    {
        "NAME": "Hexylbenzene",
        "RECIPES": "benzene, hexane"
    },
    {
        "NAME": "Benzene",
        "RECIPES": "ethene, ethene"
    },
    {
        "NAME": "Methanol",
        "RECIPES": "methane, hydroxide"
    },
    {
        "NAME": "Ethanol",
        "RECIPES": "ethane, hydroxide"
    },
    {
        "NAME": "Propanol",
        "RECIPES": "propane, hydroxide"
    },
    {
        "NAME": "Butanol",
        "RECIPES": "butane, hydroxide"
    },
    {
        "NAME": "Pentanol",
        "RECIPES": "pentane, hydroxide"
    },
    {
        "NAME": "Hexanol",
        "RECIPES": "hexane, hydroxide"
    },
    {
        "NAME": "Ammonia",
        "RECIPES": "nitrogen, hydrogen gas"
    },
    {
        "NAME": "Nitric Acid",
        "RECIPES": "nitrogen, water"
    },
    {
        "NAME": "Sulfuric Acid",
        "RECIPES": "sulfur, water"
    },
    {
        "NAME": "Phosphoric Acid",
        "RECIPES": "phosphorus, water"
    },
    {
        "NAME": "Glucose",
        "RECIPES": "carbon dioxide, water"
    },
    {
        "NAME": "Sodium Chloride",
        "RECIPES": "sodium, chlorine gas"
    },
    {
        "NAME": "Sodium Hydroxide",
        "RECIPES": "sodium, water"
    },
    {
        "NAME": "Calcium Carbonate",
        "RECIPES": "calcium, carbon dioxide"
    },
    {
        "NAME": "Silicon Dioxide",
        "RECIPES": "silicon, oxygen gas"
    },
    {
        "NAME": "Aluminum Oxide",
        "RECIPES": "aluminum, oxygen gas"
    },
    {
        "NAME": "Magnesium Hydroxide",
        "RECIPES": "magnesium, water"
    },
    {
        "NAME": "Acetone",
        "RECIPES": "propanol, oxygen gas"
    },
    {
        "NAME": "Benzaldehyde",
        "RECIPES": "benzene, carbon monoxide"
    },
    {
        "NAME": "Phenol",
        "RECIPES": "benzene, water"
    },
    {
        "NAME": "Ethylene Glycol",
        "RECIPES": "ethylene, water"
    },
    {
        "NAME": "Polyethylene",
        "RECIPES": "ethylene, ethylene"
    },
    {
        "NAME": "Polystyrene",
        "RECIPES": "styrene, styrene"
    },
    {
        "NAME": "PVC",
        "RECIPES": "vinyl chloride, vinyl chloride"
    },
    {
        "NAME": "Teflon",
        "RECIPES": "tetrafluoroethylene, tetrafluoroethylene"
    },
    {
        "NAME": "Nylon",
        "RECIPES": "hexamethylenediamine, adipic acid"
    }
]
